"covariance_structures","cols_under_effect","sample_sizes","power_global","power_max"
"Unstructured",1,5,0,0
"Unstructured",1,6,0,0.001
"Unstructured",1,7,0,0
"Unstructured",1,8,0,0.002
"Unstructured",1,9,0,0
"Unstructured",1,10,0,0
"Unstructured",1,11,0,0
"Unstructured",1,21,0,0
"Unstructured",1,31,0,0.002
"Unstructured",1,41,0,0
"Unstructured",1,51,0,0.001
"Unstructured",1,61,0,0
"Unstructured",1,71,0,0
"Unstructured",1,81,0,0
"Unstructured",1,91,0,0
"Unstructured",2,5,0,0
"Unstructured",2,6,0,0
"Unstructured",2,7,0,0
"Unstructured",2,8,0,0
"Unstructured",2,9,0,0.001
"Unstructured",2,10,0,0
"Unstructured",2,11,0,0.001
"Unstructured",2,21,0,0
"Unstructured",2,31,0,0
"Unstructured",2,41,0,0
"Unstructured",2,51,0,0.001
"Unstructured",2,61,0,0.001
"Unstructured",2,71,0,0
"Unstructured",2,81,0,0.001
"Unstructured",2,91,0,0.001
"Unstructured",3,5,0,0
"Unstructured",3,6,0,0
"Unstructured",3,7,0,0
"Unstructured",3,8,0,0.001
"Unstructured",3,9,0,0.001
"Unstructured",3,10,0,0
"Unstructured",3,11,0,0
"Unstructured",3,21,0,0
"Unstructured",3,31,0,0
"Unstructured",3,41,0,0
"Unstructured",3,51,0,0
"Unstructured",3,61,0,0
"Unstructured",3,71,0,0.001
"Unstructured",3,81,0,0
"Unstructured",3,91,0,0
"Unstructured",4,5,0,0.001
"Unstructured",4,6,0,0
"Unstructured",4,7,0,0
"Unstructured",4,8,0,0
"Unstructured",4,9,0,0
"Unstructured",4,10,0,0
"Unstructured",4,11,0,0
"Unstructured",4,21,0,0
"Unstructured",4,31,0,0
"Unstructured",4,41,0,0
"Unstructured",4,51,0,0
"Unstructured",4,61,0,0
"Unstructured",4,71,0,0.001
"Unstructured",4,81,0,0
"Unstructured",4,91,0,0
"Unstructured",5,5,0,0
"Unstructured",5,6,0,0
"Unstructured",5,7,0,0
"Unstructured",5,8,0,0
"Unstructured",5,9,0,0
"Unstructured",5,10,0,0
"Unstructured",5,11,0,0
"Unstructured",5,21,0,0.001
"Unstructured",5,31,0,0
"Unstructured",5,41,0,0
"Unstructured",5,51,0,0.001
"Unstructured",5,61,0,0
"Unstructured",5,71,0,0
"Unstructured",5,81,0,0
"Unstructured",5,91,0,0
"Unstructured",6,5,0,0
"Unstructured",6,6,0,0
"Unstructured",6,7,0,0
"Unstructured",6,8,0,0
"Unstructured",6,9,0,0
"Unstructured",6,10,0,0.001
"Unstructured",6,11,0,0
"Unstructured",6,21,0,0
"Unstructured",6,31,0,0
"Unstructured",6,41,0,0
"Unstructured",6,51,0,0
"Unstructured",6,61,0,0.001
"Unstructured",6,71,0,0
"Unstructured",6,81,0,0
"Unstructured",6,91,0,0
"Unstructured",7,5,0,0
"Unstructured",7,6,0,0.001
"Unstructured",7,7,0,0.001
"Unstructured",7,8,0,0
"Unstructured",7,9,0,0
"Unstructured",7,10,0,0
"Unstructured",7,11,0,0.001
"Unstructured",7,21,0,0.002
"Unstructured",7,31,0,0
"Unstructured",7,41,0,0
"Unstructured",7,51,0,0
"Unstructured",7,61,0,0
"Unstructured",7,71,0,0.001
"Unstructured",7,81,0,0
"Unstructured",7,91,0,0
"Unstructured",8,5,0,0
"Unstructured",8,6,0,0
"Unstructured",8,7,0,0
"Unstructured",8,8,0,0.001
"Unstructured",8,9,0,0.001
"Unstructured",8,10,0,0
"Unstructured",8,11,0,0
"Unstructured",8,21,0,0
"Unstructured",8,31,0,0
"Unstructured",8,41,0,0
"Unstructured",8,51,0,0
"Unstructured",8,61,0,0
"Unstructured",8,71,0,0
"Unstructured",8,81,0,0
"Unstructured",8,91,0,0
"Unstructured",9,5,0,0
"Unstructured",9,6,0,0
"Unstructured",9,7,0,0
"Unstructured",9,8,0,0
"Unstructured",9,9,0,0
"Unstructured",9,10,0,0.001
"Unstructured",9,11,0,0
"Unstructured",9,21,0,0
"Unstructured",9,31,0,0
"Unstructured",9,41,0,0.001
"Unstructured",9,51,0,0
"Unstructured",9,61,0,0
"Unstructured",9,71,0,0
"Unstructured",9,81,0,0
"Unstructured",9,91,0,0
"Unstructured",10,5,0,0
"Unstructured",10,6,0,0
"Unstructured",10,7,0,0
"Unstructured",10,8,0,0
"Unstructured",10,9,0,0
"Unstructured",10,10,0,0.001
"Unstructured",10,11,0,0
"Unstructured",10,21,0,0
"Unstructured",10,31,0,0.001
"Unstructured",10,41,0,0
"Unstructured",10,51,0,0
"Unstructured",10,61,0,0
"Unstructured",10,71,0,0.001
"Unstructured",10,81,0,0
"Unstructured",10,91,0,0.001
"AR(1)",1,5,0,0
"AR(1)",1,6,0,0
"AR(1)",1,7,0,0
"AR(1)",1,8,0,0
"AR(1)",1,9,0,0
"AR(1)",1,10,0,0
"AR(1)",1,11,0,0
"AR(1)",1,21,0,0.001
"AR(1)",1,31,0,0
"AR(1)",1,41,0,0
"AR(1)",1,51,0,0
"AR(1)",1,61,0,0.002
"AR(1)",1,71,0,0
"AR(1)",1,81,0,0.001
"AR(1)",1,91,0,0
"AR(1)",2,5,0,0.001
"AR(1)",2,6,0,0
"AR(1)",2,7,0,0
"AR(1)",2,8,0,0
"AR(1)",2,9,0,0.002
"AR(1)",2,10,0,0
"AR(1)",2,11,0,0
"AR(1)",2,21,0,0
"AR(1)",2,31,0,0
"AR(1)",2,41,0,0
"AR(1)",2,51,0,0
"AR(1)",2,61,0,0
"AR(1)",2,71,0,0
"AR(1)",2,81,0,0
"AR(1)",2,91,0,0
"AR(1)",3,5,0,0
"AR(1)",3,6,0,0
"AR(1)",3,7,0,0.001
"AR(1)",3,8,0,0
"AR(1)",3,9,0,0
"AR(1)",3,10,0,0
"AR(1)",3,11,0,0.001
"AR(1)",3,21,0,0
"AR(1)",3,31,0,0
"AR(1)",3,41,0,0
"AR(1)",3,51,0,0
"AR(1)",3,61,0,0
"AR(1)",3,71,0,0.001
"AR(1)",3,81,0,0.001
"AR(1)",3,91,0,0
"AR(1)",4,5,0,0.001
"AR(1)",4,6,0,0
"AR(1)",4,7,0,0
"AR(1)",4,8,0,0
"AR(1)",4,9,0,0
"AR(1)",4,10,0,0
"AR(1)",4,11,0,0
"AR(1)",4,21,0,0
"AR(1)",4,31,0,0
"AR(1)",4,41,0,0
"AR(1)",4,51,0,0
"AR(1)",4,61,0,0
"AR(1)",4,71,0,0
"AR(1)",4,81,0,0
"AR(1)",4,91,0,0
"AR(1)",5,5,0,0.001
"AR(1)",5,6,0,0
"AR(1)",5,7,0,0
"AR(1)",5,8,0,0.001
"AR(1)",5,9,0,0.002
"AR(1)",5,10,0,0.002
"AR(1)",5,11,0,0
"AR(1)",5,21,0,0.001
"AR(1)",5,31,0,0
"AR(1)",5,41,0,0
"AR(1)",5,51,0,0
"AR(1)",5,61,0,0
"AR(1)",5,71,0,0
"AR(1)",5,81,0,0
"AR(1)",5,91,0,0
"AR(1)",6,5,0,0
"AR(1)",6,6,0,0
"AR(1)",6,7,0,0
"AR(1)",6,8,0,0
"AR(1)",6,9,0,0
"AR(1)",6,10,0,0.001
"AR(1)",6,11,0,0
"AR(1)",6,21,0,0
"AR(1)",6,31,0,0
"AR(1)",6,41,0,0
"AR(1)",6,51,0,0
"AR(1)",6,61,0,0
"AR(1)",6,71,0,0
"AR(1)",6,81,0,0
"AR(1)",6,91,0,0.003
"AR(1)",7,5,0,0
"AR(1)",7,6,0,0
"AR(1)",7,7,0,0
"AR(1)",7,8,0,0
"AR(1)",7,9,0,0
"AR(1)",7,10,0,0
"AR(1)",7,11,0,0
"AR(1)",7,21,0,0
"AR(1)",7,31,0,0
"AR(1)",7,41,0,0
"AR(1)",7,51,0,0.001
"AR(1)",7,61,0,0
"AR(1)",7,71,0,0
"AR(1)",7,81,0,0
"AR(1)",7,91,0,0.001
"AR(1)",8,5,0,0
"AR(1)",8,6,0,0
"AR(1)",8,7,0,0.002
"AR(1)",8,8,0,0
"AR(1)",8,9,0,0
"AR(1)",8,10,0,0
"AR(1)",8,11,0,0
"AR(1)",8,21,0,0
"AR(1)",8,31,0,0
"AR(1)",8,41,0,0
"AR(1)",8,51,0,0
"AR(1)",8,61,0,0.001
"AR(1)",8,71,0,0.002
"AR(1)",8,81,0,0
"AR(1)",8,91,0,0
"AR(1)",9,5,0,0
"AR(1)",9,6,0,0
"AR(1)",9,7,0,0
"AR(1)",9,8,0,0
"AR(1)",9,9,0,0
"AR(1)",9,10,0,0
"AR(1)",9,11,0,0
"AR(1)",9,21,0,0
"AR(1)",9,31,0,0
"AR(1)",9,41,0,0
"AR(1)",9,51,0,0
"AR(1)",9,61,0,0
"AR(1)",9,71,0,0
"AR(1)",9,81,0,0.001
"AR(1)",9,91,0,0
"AR(1)",10,5,0,0
"AR(1)",10,6,0,0
"AR(1)",10,7,0,0
"AR(1)",10,8,0,0
"AR(1)",10,9,0,0
"AR(1)",10,10,0,0
"AR(1)",10,11,0,0
"AR(1)",10,21,0,0
"AR(1)",10,31,0,0
"AR(1)",10,41,0,0
"AR(1)",10,51,0,0
"AR(1)",10,61,0,0
"AR(1)",10,71,0,0
"AR(1)",10,81,0,0
"AR(1)",10,91,0.002,0
"AR(2)",1,5,0,0
"AR(2)",1,6,0,0
"AR(2)",1,7,0,0
"AR(2)",1,8,0,0.001
"AR(2)",1,9,0,0
"AR(2)",1,10,0,0
"AR(2)",1,11,0,0
"AR(2)",1,21,0,0
"AR(2)",1,31,0,0
"AR(2)",1,41,0,0
"AR(2)",1,51,0,0.001
"AR(2)",1,61,0,0
"AR(2)",1,71,0.001,0
"AR(2)",1,81,0.003,0
"AR(2)",1,91,0.002,0
"AR(2)",2,5,0,0
"AR(2)",2,6,0,0
"AR(2)",2,7,0,0.001
"AR(2)",2,8,0,0.001
"AR(2)",2,9,0,0
"AR(2)",2,10,0,0
"AR(2)",2,11,0,0
"AR(2)",2,21,0,0
"AR(2)",2,31,0,0
"AR(2)",2,41,0.001,0.001
"AR(2)",2,51,0.001,0.001
"AR(2)",2,61,0.001,0.001
"AR(2)",2,71,0.003,0
"AR(2)",2,81,0.003,0
"AR(2)",2,91,0.003,0
"AR(2)",3,5,0,0.002
"AR(2)",3,6,0,0.002
"AR(2)",3,7,0,0
"AR(2)",3,8,0,0
"AR(2)",3,9,0,0.001
"AR(2)",3,10,0,0.001
"AR(2)",3,11,0,0
"AR(2)",3,21,0,0
"AR(2)",3,31,0,0
"AR(2)",3,41,0.002,0
"AR(2)",3,51,0.001,0
"AR(2)",3,61,0.002,0
"AR(2)",3,71,0.003,0.001
"AR(2)",3,81,0.004,0
"AR(2)",3,91,0.003,0
"AR(2)",4,5,0,0
"AR(2)",4,6,0,0.001
"AR(2)",4,7,0,0
"AR(2)",4,8,0,0
"AR(2)",4,9,0,0
"AR(2)",4,10,0,0
"AR(2)",4,11,0,0
"AR(2)",4,21,0,0
"AR(2)",4,31,0.001,0
"AR(2)",4,41,0.001,0
"AR(2)",4,51,0.003,0
"AR(2)",4,61,0.004,0
"AR(2)",4,71,0.003,0
"AR(2)",4,81,0.003,0
"AR(2)",4,91,0.004,0.001
"AR(2)",5,5,0,0
"AR(2)",5,6,0,0
"AR(2)",5,7,0,0.001
"AR(2)",5,8,0,0.001
"AR(2)",5,9,0,0
"AR(2)",5,10,0,0
"AR(2)",5,11,0,0
"AR(2)",5,21,0.001,0
"AR(2)",5,31,0.003,0
"AR(2)",5,41,0.003,0
"AR(2)",5,51,0.002,0.001
"AR(2)",5,61,0.004,0
"AR(2)",5,71,0.004,0
"AR(2)",5,81,0.004,0
"AR(2)",5,91,0.004,0
"AR(2)",6,5,0,0
"AR(2)",6,6,0,0
"AR(2)",6,7,0,0
"AR(2)",6,8,0,0
"AR(2)",6,9,0,0
"AR(2)",6,10,0,0
"AR(2)",6,11,0,0
"AR(2)",6,21,0,0.001
"AR(2)",6,31,0.004,0
"AR(2)",6,41,0.004,0
"AR(2)",6,51,0.003,0
"AR(2)",6,61,0.004,0
"AR(2)",6,71,0.004,0
"AR(2)",6,81,0.004,0
"AR(2)",6,91,0.004,0.001
"AR(2)",7,5,0,0
"AR(2)",7,6,0,0
"AR(2)",7,7,0,0
"AR(2)",7,8,0,0
"AR(2)",7,9,0,0
"AR(2)",7,10,0,0
"AR(2)",7,11,0.001,0
"AR(2)",7,21,0.001,0.001
"AR(2)",7,31,0.002,0
"AR(2)",7,41,0.004,0
"AR(2)",7,51,0.004,0
"AR(2)",7,61,0.003,0
"AR(2)",7,71,0.004,0
"AR(2)",7,81,0.004,0
"AR(2)",7,91,0.004,0
"AR(2)",8,5,0,0
"AR(2)",8,6,0,0.001
"AR(2)",8,7,0,0
"AR(2)",8,8,0,0.001
"AR(2)",8,9,0,0
"AR(2)",8,10,0.001,0
"AR(2)",8,11,0,0
"AR(2)",8,21,0.001,0
"AR(2)",8,31,0.003,0
"AR(2)",8,41,0.004,0
"AR(2)",8,51,0.004,0
"AR(2)",8,61,0.004,0.001
"AR(2)",8,71,0.004,0
"AR(2)",8,81,0.004,0
"AR(2)",8,91,0.004,0
"AR(2)",9,5,0,0
"AR(2)",9,6,0,0
"AR(2)",9,7,0,0
"AR(2)",9,8,0,0
"AR(2)",9,9,0,0.001
"AR(2)",9,10,0.002,0.001
"AR(2)",9,11,0,0.001
"AR(2)",9,21,0.004,0
"AR(2)",9,31,0.004,0
"AR(2)",9,41,0.003,0
"AR(2)",9,51,0.004,0
"AR(2)",9,61,0.004,0
"AR(2)",9,71,0.004,0
"AR(2)",9,81,0.004,0
"AR(2)",9,91,0.004,0
"AR(2)",10,5,0,0
"AR(2)",10,6,0,0
"AR(2)",10,7,0,0
"AR(2)",10,8,0,0.001
"AR(2)",10,9,0,0.002
"AR(2)",10,10,0,0
"AR(2)",10,11,0,0
"AR(2)",10,21,0.004,0
"AR(2)",10,31,0.004,0
"AR(2)",10,41,0.004,0
"AR(2)",10,51,0.004,0
"AR(2)",10,61,0.004,0
"AR(2)",10,71,0.004,0
"AR(2)",10,81,0.004,0
"AR(2)",10,91,0.004,0
"Toeplitz",1,5,0,0
"Toeplitz",1,6,0,0
"Toeplitz",1,7,0,0
"Toeplitz",1,8,0,0
"Toeplitz",1,9,0,0
"Toeplitz",1,10,0,0
"Toeplitz",1,11,0,0
"Toeplitz",1,21,0,0
"Toeplitz",1,31,0,0
"Toeplitz",1,41,0,0
"Toeplitz",1,51,0,0.001
"Toeplitz",1,61,0,0
"Toeplitz",1,71,0,0
"Toeplitz",1,81,0,0
"Toeplitz",1,91,0.001,0
"Toeplitz",2,5,0,0
"Toeplitz",2,6,0,0
"Toeplitz",2,7,0,0.001
"Toeplitz",2,8,0,0
"Toeplitz",2,9,0,0
"Toeplitz",2,10,0,0
"Toeplitz",2,11,0,0
"Toeplitz",2,21,0,0
"Toeplitz",2,31,0,0
"Toeplitz",2,41,0,0
"Toeplitz",2,51,0.001,0
"Toeplitz",2,61,0.001,0
"Toeplitz",2,71,0,0
"Toeplitz",2,81,0,0
"Toeplitz",2,91,0.003,0
"Toeplitz",3,5,0,0
"Toeplitz",3,6,0,0
"Toeplitz",3,7,0,0
"Toeplitz",3,8,0,0
"Toeplitz",3,9,0,0
"Toeplitz",3,10,0,0.001
"Toeplitz",3,11,0,0.001
"Toeplitz",3,21,0,0
"Toeplitz",3,31,0,0
"Toeplitz",3,41,0,0
"Toeplitz",3,51,0.002,0
"Toeplitz",3,61,0.002,0
"Toeplitz",3,71,0.002,0
"Toeplitz",3,81,0.001,0
"Toeplitz",3,91,0.003,0
"Toeplitz",4,5,0,0
"Toeplitz",4,6,0,0.001
"Toeplitz",4,7,0,0.001
"Toeplitz",4,8,0,0
"Toeplitz",4,9,0,0
"Toeplitz",4,10,0,0
"Toeplitz",4,11,0,0
"Toeplitz",4,21,0,0
"Toeplitz",4,31,0.002,0
"Toeplitz",4,41,0,0
"Toeplitz",4,51,0,0
"Toeplitz",4,61,0.004,0
"Toeplitz",4,71,0.004,0.001
"Toeplitz",4,81,0.003,0
"Toeplitz",4,91,0.004,0
"Toeplitz",5,5,0,0
"Toeplitz",5,6,0,0
"Toeplitz",5,7,0,0.001
"Toeplitz",5,8,0,0
"Toeplitz",5,9,0,0.001
"Toeplitz",5,10,0,0
"Toeplitz",5,11,0,0.001
"Toeplitz",5,21,0,0
"Toeplitz",5,31,0,0.001
"Toeplitz",5,41,0,0
"Toeplitz",5,51,0.003,0
"Toeplitz",5,61,0.003,0
"Toeplitz",5,71,0.003,0
"Toeplitz",5,81,0.004,0
"Toeplitz",5,91,0.004,0
"Toeplitz",6,5,0,0.001
"Toeplitz",6,6,0,0
"Toeplitz",6,7,0,0
"Toeplitz",6,8,0,0.001
"Toeplitz",6,9,0,0
"Toeplitz",6,10,0,0
"Toeplitz",6,11,0,0
"Toeplitz",6,21,0,0
"Toeplitz",6,31,0,0
"Toeplitz",6,41,0.004,0.001
"Toeplitz",6,51,0.004,0
"Toeplitz",6,61,0.002,0.001
"Toeplitz",6,71,0.004,0
"Toeplitz",6,81,0.004,0.001
"Toeplitz",6,91,0.004,0
"Toeplitz",7,5,0,0
"Toeplitz",7,6,0,0
"Toeplitz",7,7,0,0
"Toeplitz",7,8,0,0
"Toeplitz",7,9,0,0
"Toeplitz",7,10,0,0.001
"Toeplitz",7,11,0,0
"Toeplitz",7,21,0,0
"Toeplitz",7,31,0.001,0
"Toeplitz",7,41,0,0
"Toeplitz",7,51,0.004,0
"Toeplitz",7,61,0.004,0
"Toeplitz",7,71,0.004,0
"Toeplitz",7,81,0.004,0
"Toeplitz",7,91,0.004,0
"Toeplitz",8,5,0,0.001
"Toeplitz",8,6,0,0.001
"Toeplitz",8,7,0,0
"Toeplitz",8,8,0,0
"Toeplitz",8,9,0,0.001
"Toeplitz",8,10,0,0
"Toeplitz",8,11,0,0
"Toeplitz",8,21,0,0
"Toeplitz",8,31,0.003,0
"Toeplitz",8,41,0.002,0.001
"Toeplitz",8,51,0.003,0
"Toeplitz",8,61,0.003,0
"Toeplitz",8,71,0.004,0
"Toeplitz",8,81,0.004,0
"Toeplitz",8,91,0.004,0
"Toeplitz",9,5,0,0
"Toeplitz",9,6,0,0.001
"Toeplitz",9,7,0,0
"Toeplitz",9,8,0,0.002
"Toeplitz",9,9,0,0
"Toeplitz",9,10,0,0.001
"Toeplitz",9,11,0,0.001
"Toeplitz",9,21,0,0
"Toeplitz",9,31,0.001,0
"Toeplitz",9,41,0.003,0.001
"Toeplitz",9,51,0.004,0
"Toeplitz",9,61,0.004,0
"Toeplitz",9,71,0.004,0
"Toeplitz",9,81,0.004,0
"Toeplitz",9,91,0.004,0.001
"Toeplitz",10,5,0,0
"Toeplitz",10,6,0,0
"Toeplitz",10,7,0,0.002
"Toeplitz",10,8,0,0
"Toeplitz",10,9,0,0
"Toeplitz",10,10,0,0
"Toeplitz",10,11,0,0
"Toeplitz",10,21,0,0
"Toeplitz",10,31,0.004,0
"Toeplitz",10,41,0.003,0
"Toeplitz",10,51,0.004,0
"Toeplitz",10,61,0.004,0
"Toeplitz",10,71,0.004,0
"Toeplitz",10,81,0.004,0.001
"Toeplitz",10,91,0.004,0
